"","file"
"1","lst_00:08:22_2020_05_10.tif"
"2","lst_00:08:44_2021_09_07.tif"
"3","lst_00:09:36_2021_09_07.tif"
"4","lst_00:11:33_2019_09_28.tif"
"5","lst_00:11:55_2019_09_10.tif"
"6","lst_00:12:25_2019_09_28.tif"
"7","lst_00:13:38_2021_05_26.tif"
"8","lst_00:14:35_2020_09_08.tif"
"9","lst_00:18:50_2021_07_25.tif"
"10","lst_00:18:54_2019_07_12.tif"
"11","lst_00:19:42_2021_07_25.tif"
"12","lst_00:31:11_2020_07_08.tif"
"13","lst_00:33:07_2020_09_24.tif"
"14","lst_00:33:52_2019_05_29.tif"
"15","lst_00:33:59_2020_09_24.tif"
"16","lst_00:34:44_2019_05_29.tif"
"17","lst_00:35:39_2021_09_23.tif"
"18","lst_00:36:31_2021_09_23.tif"
"19","lst_00:40:11_2021_05_07.tif"
"20","lst_00:44:20_2020_07_26.tif"
"21","lst_00:55:21_2019_07_27.tif"
"22","lst_00:56:13_2019_07_27.tif"
"23","lst_00:56:20_2020_05_09.tif"
"24","lst_01:00:44_2019_09_09.tif"
"25","lst_01:00:52_2021_05_25.tif"
"26","lst_01:01:44_2021_05_25.tif"
"27","lst_01:02:26_2020_09_07.tif"
"28","lst_01:06:13_2021_07_24.tif"
"29","lst_01:07:05_2021_07_24.tif"
"30","lst_01:08:36_2020_05_25.tif"
"31","lst_01:09:28_2020_05_25.tif"
"32","lst_01:09:52_2019_07_09.tif"
"33","lst_01:10:44_2019_07_09.tif"
"34","lst_01:18:23_2020_07_07.tif"
"35","lst_01:20:32_2020_09_23.tif"
"36","lst_01:21:24_2020_09_23.tif"
"37","lst_01:22:11_2018_09_27.tif"
"38","lst_01:22:31_2021_09_22.tif"
"39","lst_01:23:24_2021_09_22.tif"
"40","lst_01:26:02_2019_05_26.tif"
"41","lst_01:27:25_2021_05_06.tif"
"42","lst_01:28:17_2021_05_06.tif"
"43","lst_01:29:23_2021_07_05.tif"
"44","lst_01:30:15_2021_07_05.tif"
"45","lst_01:40:09_2021_09_03.tif"
"46","lst_01:41:01_2021_09_03.tif"
"47","lst_01:42:39_2020_05_06.tif"
"48","lst_01:46:18_2021_05_22.tif"
"49","lst_01:48:22_2020_09_04.tif"
"50","lst_01:48:47_2019_09_24.tif"
"51","lst_01:49:39_2019_09_24.tif"
"52","lst_01:50:26_2019_09_06.tif"
"53","lst_01:51:14_2021_07_21.tif"
"54","lst_01:52:06_2021_07_21.tif"
"55","lst_01:59:14_2019_07_08.tif"
"56","lst_02:04:16_2020_07_04.tif"
"57","lst_02:05:08_2020_07_04.tif"
"58","lst_02:06:23_2021_09_19.tif"
"59","lst_02:07:15_2021_09_19.tif"
"60","lst_02:13:04_2021_05_03.tif"
"61","lst_02:17:00_2021_07_04.tif"
"62","lst_02:19:12_2020_07_22.tif"
"63","lst_02:27:16_2021_09_02.tif"
"64","lst_02:28:08_2021_09_02.tif"
"65","lst_02:32:02_2018_09_07.tif"
"66","lst_02:32:54_2018_09_07.tif"
"67","lst_02:33:29_2021_05_21.tif"
"68","lst_02:34:21_2021_05_21.tif"
"69","lst_02:36:05_2019_07_23.tif"
"70","lst_02:36:13_2020_09_03.tif"
"71","lst_02:36:57_2019_07_23.tif"
"72","lst_02:37:39_2019_09_21.tif"
"73","lst_02:38:32_2021_07_20.tif"
"74","lst_02:39:11_2019_09_05.tif"
"75","lst_02:39:24_2021_07_20.tif"
"76","lst_02:43:02_2020_05_21.tif"
"77","lst_02:43:54_2020_05_21.tif"
"78","lst_02:50:16_2019_07_05.tif"
"79","lst_02:51:08_2019_07_05.tif"
"80","lst_02:53:16_2020_09_19.tif"
"81","lst_02:53:17_2021_09_18.tif"
"82","lst_02:54:07_2020_09_19.tif"
"83","lst_02:54:09_2021_09_18.tif"
"84","lst_03:00:27_2021_05_02.tif"
"85","lst_03:01:44_2021_07_01.tif"
"86","lst_03:05:55_2018_07_25.tif"
"87","lst_03:06:47_2018_07_25.tif"
"88","lst_03:11:30_2021_08_30.tif"
"89","lst_03:12:22_2021_08_30.tif"
"90","lst_03:12:39_2018_09_23.tif"
"91","lst_03:13:31_2018_09_23.tif"
"92","lst_03:16:48_2020_05_02.tif"
"93","lst_03:17:40_2020_05_02.tif"
"94","lst_03:19:12_2021_05_18.tif"
"95","lst_03:22:16_2020_08_31.tif"
"96","lst_03:23:31_2021_07_17.tif"
"97","lst_03:24:23_2021_07_17.tif"
"98","lst_03:25:57_2019_09_20.tif"
"99","lst_03:26:49_2019_09_20.tif"
"100","lst_03:28:49_2019_09_02.tif"
"101","lst_03:31:30_2018_09_04.tif"
"102","lst_03:32:22_2018_09_04.tif"
"103","lst_03:37:47_2021_09_15.tif"
"104","lst_03:38:54_2020_09_16.tif"
"105","lst_03:39:04_2020_06_30.tif"
"106","lst_03:41:51_2019_07_02.tif"
"107","lst_03:45:57_2021_04_29.tif"
"108","lst_03:49:13_2021_06_30.tif"
"109","lst_03:53:08_2020_07_18.tif"
"110","lst_03:54:00_2020_07_18.tif"
"111","lst_03:58:59_2021_08_29.tif"
"112","lst_04:04:55_2020_05_01.tif"
"113","lst_04:05:54_2018_07_22.tif"
"114","lst_04:09:57_2020_08_30.tif"
"115","lst_04:10:48_2021_07_16.tif"
"116","lst_04:11:40_2021_07_16.tif"
"117","lst_04:12:06_2018_09_20.tif"
"118","lst_04:12:58_2018_09_20.tif"
"119","lst_04:14:41_2019_09_17.tif"
"120","lst_04:15:33_2019_09_17.tif"
"121","lst_04:17:23_2020_05_17.tif"
"122","lst_04:18:15_2020_05_17.tif"
"123","lst_04:18:27_2019_08_30.tif"
"124","lst_04:23:58_2018_09_03.tif"
"125","lst_04:24:34_2021_09_14.tif"
"126","lst_04:26:06_2020_09_15.tif"
"127","lst_04:26:58_2020_09_15.tif"
"128","lst_04:27:12_2020_06_29.tif"
"129","lst_04:31:26_2019_07_01.tif"
"130","lst_04:31:50_2018_09_01.tif"
"131","lst_04:33:28_2021_04_28.tif"
"132","lst_04:33:47_2021_06_27.tif"
"133","lst_04:40:19_2020_07_15.tif"
"134","lst_04:42:40_2021_08_26.tif"
"135","lst_04:43:32_2021_08_26.tif"
"136","lst_04:51:16_2020_04_28.tif"
"137","lst_04:52:11_2021_05_14.tif"
"138","lst_04:56:02_2020_08_27.tif"
"139","lst_04:56:03_2021_07_13.tif"
"140","lst_05:04:04_2020_05_14.tif"
"141","lst_05:04:56_2020_05_14.tif"
"142","lst_05:07:10_2019_08_29.tif"
"143","lst_05:07:49_2021_09_11.tif"
"144","lst_05:08:12_2019_07_16.tif"
"145","lst_05:11:37_2020_09_12.tif"
"146","lst_05:11:54_2018_09_17.tif"
"147","lst_05:13:50_2020_06_26.tif"
"148","lst_05:18:43_2021_04_25.tif"
"149","lst_05:21:09_2021_06_26.tif"
"150","lst_05:23:18_2019_06_28.tif"
"151","lst_05:23:25_2018_08_31.tif"
"152","lst_05:24:17_2018_08_31.tif"
"153","lst_05:28:18_2020_07_14.tif"
"154","lst_05:39:44_2021_05_13.tif"
"155","lst_05:42:42_2021_07_12.tif"
"156","lst_05:43:34_2021_07_12.tif"
"157","lst_05:43:44_2020_08_26.tif"
"158","lst_05:52:39_2019_09_13.tif"
"159","lst_05:55:06_2021_09_10.tif"
"160","lst_05:56:40_2019_08_26.tif"
"161","lst_05:58:57_2020_09_11.tif"
"162","lst_05:59:49_2020_09_11.tif"
"163","lst_06:01:56_2020_06_25.tif"
"164","lst_06:03:30_2018_09_16.tif"
"165","lst_06:04:57_2018_07_16.tif"
"166","lst_06:05:48_2018_07_16.tif"
"167","lst_06:05:48_2021_06_23.tif"
"168","lst_06:06:19_2021_04_24.tif"
"169","lst_06:11:22_2018_09_14.tif"
"170","lst_06:12:47_2019_06_27.tif"
"171","lst_06:14:26_2021_08_22.tif"
"172","lst_06:22:54_2018_08_28.tif"
"173","lst_06:23:46_2018_08_28.tif"
"174","lst_06:25:05_2021_05_10.tif"
"175","lst_06:25:24_2020_04_24.tif"
"176","lst_06:25:57_2021_05_10.tif"
"177","lst_06:28:06_2021_07_09.tif"
"178","lst_06:29:48_2020_08_23.tif"
"179","lst_06:38:25_2020_05_10.tif"
"180","lst_06:39:17_2020_05_10.tif"
"181","lst_06:42:05_2019_09_10.tif"
"182","lst_06:45:03_2020_09_08.tif"
"183","lst_06:45:29_2019_08_25.tif"
"184","lst_06:48:31_2020_06_22.tif"
"185","lst_06:49:00_2019_07_12.tif"
"186","lst_06:53:27_2021_06_22.tif"
"187","lst_07:02:48_2020_07_10.tif"
"188","lst_07:02:57_2018_09_13.tif"
"189","lst_07:03:49_2018_09_13.tif"
"190","lst_07:12:38_2021_05_09.tif"
"191","lst_07:14:57_2021_07_08.tif"
"192","lst_07:15:49_2021_07_08.tif"
"193","lst_07:17:20_2020_08_22.tif"
"194","lst_07:22:23_2018_08_25.tif"
"195","lst_07:23:15_2018_08_25.tif"
"196","lst_07:26:36_2021_09_06.tif"
"197","lst_07:32:22_2020_09_07.tif"
"198","lst_07:33:14_2020_09_07.tif"
"199","lst_07:34:57_2019_08_22.tif"
"200","lst_07:36:37_2020_06_21.tif"
"201","lst_07:38:51_2021_06_19.tif"
"202","lst_07:38:52_2021_04_20.tif"
"203","lst_07:39:56_2019_07_09.tif"
"204","lst_07:54:19_2019_06_23.tif"
"205","lst_07:58:02_2021_05_06.tif"
"206","lst_07:59:33_2020_04_20.tif"
"207","lst_08:00:07_2021_07_05.tif"
"208","lst_08:12:58_2020_05_06.tif"
"209","lst_08:14:18_2018_08_24.tif"
"210","lst_08:15:10_2018_08_24.tif"
"211","lst_08:20:11_2019_09_06.tif"
"212","lst_08:21:03_2019_09_06.tif"
"213","lst_08:23:15_2020_06_18.tif"
"214","lst_08:23:54_2019_08_21.tif"
"215","lst_08:24:02_2021_04_17.tif"
"216","lst_08:26:27_2021_06_18.tif"
"217","lst_08:30:18_2022_04_17.tif"
"218","lst_08:33:37_2021_08_17.tif"
"219","lst_08:45:08_2021_05_05.tif"
"220","lst_08:46:00_2021_05_05.tif"
"221","lst_08:46:06_2019_06_20.tif"
"222","lst_08:47:46_2021_07_04.tif"
"223","lst_08:50:57_2020_08_18.tif"
"224","lst_08:58:01_2021_09_02.tif"
"225","lst_09:02:02_2018_09_07.tif"
"226","lst_09:06:10_2020_09_03.tif"
"227","lst_09:07:02_2020_09_03.tif"
"228","lst_09:11:18_2020_06_17.tif"
"229","lst_09:11:27_2021_04_16.tif"
"230","lst_09:11:46_2021_06_15.tif"
"231","lst_09:14:15_2018_08_21.tif"
"232","lst_09:20:07_2019_07_05.tif"
"233","lst_09:20:59_2019_07_05.tif"
"234","lst_09:30:54_2021_05_02.tif"
"235","lst_09:31:46_2021_05_02.tif"
"236","lst_09:32:09_2020_04_16.tif"
"237","lst_09:36:54_2020_08_15.tif"
"238","lst_09:37:52_2019_06_17.tif"
"239","lst_09:44:58_2021_09_01.tif"
"240","lst_09:47:13_2020_05_02.tif"
"241","lst_09:48:05_2020_05_02.tif"
"242","lst_09:52:31_2020_08_31.tif"
"243","lst_09:53:37_2018_09_06.tif"
"244","lst_09:54:29_2018_09_06.tif"
"245","lst_09:57:56_2020_06_14.tif"
"246","lst_09:58:55_2019_09_02.tif"
"247","lst_09:59:25_2021_06_14.tif"
"248","lst_10:02:03_2019_08_17.tif"
"249","lst_10:06:01_2021_08_13.tif"
"250","lst_10:06:53_2021_08_13.tif"
"251","lst_10:07:06_2022_04_13.tif"
"252","lst_10:18:08_2021_05_01.tif"
"253","lst_10:19:00_2021_05_01.tif"
"254","lst_10:19:47_2021_06_30.tif"
"255","lst_10:24:32_2020_08_14.tif"
"256","lst_10:27:23_2019_06_16.tif"
"257","lst_10:29:21_2021_08_29.tif"
"258","lst_10:30:13_2021_08_29.tif"
"259","lst_10:34:51_2020_05_01.tif"
"260","lst_10:35:43_2020_05_01.tif"
"261","lst_10:39:58_2020_08_30.tif"
"262","lst_10:40:50_2020_08_30.tif"
"263","lst_10:44:39_2021_06_11.tif"
"264","lst_10:46:00_2020_06_13.tif"
"265","lst_10:47:28_2019_09_01.tif"
"266","lst_10:48:20_2019_09_01.tif"
"267","lst_10:51:55_2019_08_14.tif"
"268","lst_10:53:05_2018_09_03.tif"
"269","lst_10:53:57_2018_09_03.tif"
"270","lst_10:55:16_2022_04_10.tif"
"271","lst_11:01:08_2019_07_01.tif"
"272","lst_11:03:49_2021_04_28.tif"
"273","lst_11:03:54_2020_04_12.tif"
"274","lst_11:10:30_2020_08_11.tif"
"275","lst_11:13:25_2018_08_15.tif"
"276","lst_11:19:17_2019_06_13.tif"
"277","lst_11:21:35_2020_04_28.tif"
"278","lst_11:26:26_2020_08_27.tif"
"279","lst_11:32:16_2021_06_10.tif"
"280","lst_11:37:12_2019_08_29.tif"
"281","lst_11:38:35_2021_08_09.tif"
"282","lst_11:39:27_2021_08_09.tif"
"283","lst_11:43:11_2019_08_11.tif"
"284","lst_11:43:44_2022_04_09.tif"
"285","lst_11:44:36_2022_04_09.tif"
"286","lst_11:45:11_2020_06_28.tif"
"287","lst_11:51:01_2021_04_27.tif"
"288","lst_11:51:16_2020_04_11.tif"
"289","lst_11:51:28_2021_06_26.tif"
"290","lst_11:51:53_2021_04_27.tif"
"291","lst_11:52:34_2018_08_31.tif"
"292","lst_11:53:26_2018_08_31.tif"
"293","lst_11:58:07_2020_08_10.tif"
"294","lst_12:00:17_2021_08_25.tif"
"295","lst_12:01:09_2021_08_25.tif"
"296","lst_12:05:01_2018_08_14.tif"
"297","lst_12:08:42_2019_06_12.tif"
"298","lst_12:14:01_2020_08_26.tif"
"299","lst_12:16:28_2021_04_08.tif"
"300","lst_12:17:36_2021_06_07.tif"
"301","lst_12:32:05_2020_06_25.tif"
"302","lst_12:32:31_2022_04_06.tif"
"303","lst_12:32:41_2019_08_10.tif"
"304","lst_12:35:53_2020_04_08.tif"
"305","lst_12:36:33_2021_04_24.tif"
"306","lst_12:44:02_2020_08_07.tif"
"307","lst_12:47:54_2021_08_24.tif"
"308","lst_12:52:01_2018_08_28.tif"
"309","lst_12:52:53_2018_08_28.tif"
"310","lst_12:59:59_2020_08_23.tif"
"311","lst_13:00:24_2019_06_09.tif"
"312","lst_13:01:16_2019_06_09.tif"
"313","lst_13:04:30_2018_08_11.tif"
"314","lst_13:05:04_2021_06_06.tif"
"315","lst_13:07:12_2020_06_06.tif"
"316","lst_13:11:03_2021_08_05.tif"
"317","lst_13:11:55_2021_08_05.tif"
"318","lst_13:15:27_2019_08_25.tif"
"319","lst_13:20:03_2020_06_24.tif"
"320","lst_13:23:11_2020_04_07.tif"
"321","lst_13:23:42_2021_06_22.tif"
"322","lst_13:23:43_2021_04_23.tif"
"323","lst_13:24:34_2021_06_22.tif"
"324","lst_13:24:35_2021_04_23.tif"
"325","lst_13:31:30_2021_08_21.tif"
"326","lst_13:31:39_2020_08_06.tif"
"327","lst_13:32:22_2021_08_21.tif"
"328","lst_13:44:12_2020_04_23.tif"
"329","lst_13:44:29_2018_08_27.tif"
"330","lst_13:48:12_2020_08_22.tif"
"331","lst_13:48:55_2021_04_04.tif"
"332","lst_13:50:23_2021_06_03.tif"
"333","lst_13:52:19_2019_06_06.tif"
"334","lst_13:55:16_2020_06_05.tif"
"335","lst_14:03:45_2018_08_08.tif"
"336","lst_14:07:33_2020_04_04.tif"
"337","lst_14:08:07_2022_04_02.tif"
"338","lst_14:08:59_2022_04_02.tif"
"339","lst_14:09:15_2021_04_20.tif"
"340","lst_14:13:16_2019_08_06.tif"
"341","lst_14:17:24_2020_08_03.tif"
"342","lst_14:19:12_2021_08_20.tif"
"343","lst_14:23:50_2019_06_23.tif"
"344","lst_14:24:42_2019_06_23.tif"
"345","lst_14:29:54_2020_04_20.tif"
"346","lst_14:37:48_2021_06_02.tif"
"347","lst_14:41:48_2019_06_05.tif"
"348","lst_14:41:48_2020_06_02.tif"
"349","lst_14:43:25_2018_08_24.tif"
"350","lst_14:43:25_2021_08_01.tif"
"351","lst_14:44:17_2018_08_24.tif"
"352","lst_14:44:17_2021_08_01.tif"
"353","lst_14:53:28_2019_08_21.tif"
"354","lst_14:54:20_2019_08_21.tif"
"355","lst_14:54:45_2020_06_20.tif"
"356","lst_14:54:51_2020_04_03.tif"
"357","lst_14:55:20_2018_08_07.tif"
"358","lst_14:56:12_2018_08_07.tif"
"359","lst_14:56:23_2021_04_19.tif"
"360","lst_14:56:31_2022_04_01.tif"
"361","lst_14:56:41_2021_06_18.tif"
"362","lst_14:57:15_2021_04_19.tif"
"363","lst_14:57:33_2021_06_18.tif"
"364","lst_14:59:41_2022_04_17.tif"
"365","lst_15:00:33_2022_04_17.tif"
"366","lst_15:04:42_2019_08_03.tif"
"367","lst_15:05:13_2020_08_02.tif"
"368","lst_15:15:55_2019_06_20.tif"
"369","lst_15:17:23_2020_04_19.tif"
"370","lst_15:18:15_2020_04_19.tif"
"371","lst_15:20:57_2020_08_18.tif"
"372","lst_15:21:49_2020_08_18.tif"
"373","lst_15:23:05_2021_05_30.tif"
"374","lst_15:29:52_2020_06_01.tif"
"375","lst_15:30:59_2021_07_31.tif"
"376","lst_15:33:37_2019_06_02.tif"
"377","lst_15:41:45_2020_06_17.tif"
"378","lst_15:41:48_2021_04_16.tif"
"379","lst_15:43:23_2018_08_21.tif"
"380","lst_15:49:05_2022_04_16.tif"
"381","lst_15:50:53_2020_07_30.tif"
"382","lst_15:50:58_2021_08_16.tif"
"383","lst_15:51:50_2021_08_16.tif"
"384","lst_15:54:01_2019_08_02.tif"
"385","lst_15:54:49_2018_08_04.tif"
"386","lst_16:07:22_2020_08_15.tif"
"387","lst_16:10:34_2021_05_29.tif"
"388","lst_16:15:48_2021_07_28.tif"
"389","lst_16:16:17_2020_05_29.tif"
"390","lst_16:16:40_2021_07_28.tif"
"391","lst_16:23:02_2019_06_01.tif"
"392","lst_16:28:57_2021_04_15.tif"
"393","lst_16:29:22_2020_06_16.tif"
"394","lst_16:29:38_2021_06_14.tif"
"395","lst_16:29:49_2021_04_15.tif"
"396","lst_16:30:58_2020_09_27.tif"
"397","lst_16:31:40_2019_08_17.tif"
"398","lst_16:32:32_2019_08_17.tif"
"399","lst_16:33:30_2021_09_26.tif"
"400","lst_16:34:59_2018_08_20.tif"
"401","lst_16:35:51_2018_08_20.tif"
"402","lst_16:36:38_2021_08_13.tif"
"403","lst_16:38:34_2020_07_29.tif"
"404","lst_16:49:30_2020_04_15.tif"
"405","lst_16:50:22_2020_04_15.tif"
"406","lst_16:53:01_2019_09_28.tif"
"407","lst_16:53:53_2019_09_28.tif"
"408","lst_16:54:08_2018_08_01.tif"
"409","lst_16:54:33_2020_08_14.tif"
"410","lst_16:55:25_2020_08_14.tif"
"411","lst_16:55:52_2021_05_26.tif"
"412","lst_16:57:34_2019_06_16.tif"
"413","lst_17:03:29_2021_07_27.tif"
"414","lst_17:04:19_2020_05_28.tif"
"415","lst_17:14:32_2021_04_12.tif"
"416","lst_17:14:56_2019_05_29.tif"
"417","lst_17:15:40_2020_06_13.tif"
"418","lst_17:16:32_2020_06_13.tif"
"419","lst_17:17:11_2021_06_13.tif"
"420","lst_17:20:49_2021_09_25.tif"
"421","lst_17:21:54_2019_08_14.tif"
"422","lst_17:23:45_2021_08_12.tif"
"423","lst_17:24:37_2021_08_12.tif"
"424","lst_17:25:12_2020_07_26.tif"
"425","lst_17:25:50_2022_04_12.tif"
"426","lst_17:36:35_2019_07_27.tif"
"427","lst_17:40:58_2020_08_11.tif"
"428","lst_17:43:18_2021_05_25.tif"
"429","lst_17:45:43_2018_07_31.tif"
"430","lst_17:48:32_2021_07_24.tif"
"431","lst_17:49:08_2019_06_13.tif"
"432","lst_17:50:46_2020_05_25.tif"
"433","lst_17:53:08_2018_07_29.tif"
"434","lst_17:54:00_2018_07_29.tif"
"435","lst_18:00:35_2018_09_27.tif"
"436","lst_18:01:27_2018_09_27.tif"
"437","lst_18:02:43_2020_09_23.tif"
"438","lst_18:03:35_2020_09_23.tif"
"439","lst_18:04:21_2019_05_28.tif"
"440","lst_18:05:14_2021_09_22.tif"
"441","lst_18:06:06_2021_09_22.tif"
"442","lst_18:06:35_2019_05_26.tif"
"443","lst_18:09:12_2021_08_09.tif"
"444","lst_18:22:26_2020_04_11.tif"
"445","lst_18:25:53_2019_07_26.tif"
"446","lst_18:28:09_2020_08_10.tif"
"447","lst_18:28:32_2021_05_22.tif"
"448","lst_18:29:01_2020_08_10.tif"
"449","lst_18:34:10_2018_08_14.tif"
"450","lst_18:35:48_2021_07_23.tif"
"451","lst_18:38:16_2019_06_12.tif"
"452","lst_18:38:45_2020_05_24.tif"
"453","lst_18:39:08_2019_06_12.tif"
"454","lst_18:44:58_2018_07_28.tif"
"455","lst_18:45:50_2018_07_28.tif"
"456","lst_18:47:02_2021_04_08.tif"
"457","lst_18:50:15_2020_09_22.tif"
"458","lst_18:51:11_2020_06_09.tif"
"459","lst_18:52:06_2021_09_21.tif"
"460","lst_18:53:02_2018_09_26.tif"
"461","lst_18:55:34_2019_05_25.tif"
"462","lst_18:56:19_2021_08_08.tif"
"463","lst_18:56:26_2019_05_25.tif"
"464","lst_18:57:11_2021_08_08.tif"
"465","lst_18:59:55_2020_07_22.tif"
"466","lst_19:00:47_2020_07_22.tif"
"467","lst_19:02:47_2019_08_10.tif"
"468","lst_19:02:50_2022_04_06.tif"
"469","lst_19:14:32_2020_08_07.tif"
"470","lst_19:15:39_2021_05_21.tif"
"471","lst_19:16:31_2021_05_21.tif"
"472","lst_19:17:09_2019_07_23.tif"
"473","lst_19:19:00_2019_09_21.tif"
"474","lst_19:20:35_2021_07_20.tif"
"475","lst_19:21:27_2021_07_20.tif"
"476","lst_19:25:02_2020_05_21.tif"
"477","lst_19:25:54_2020_05_21.tif"
"478","lst_19:30:01_2019_06_09.tif"
"479","lst_19:30:53_2019_06_09.tif"
"480","lst_19:33:57_2021_04_07.tif"
"481","lst_19:34:49_2021_04_07.tif"
"482","lst_19:35:23_2021_06_06.tif"
"483","lst_19:35:29_2020_09_19.tif"
"484","lst_19:35:56_2021_09_18.tif"
"485","lst_19:36:21_2020_09_19.tif"
"486","lst_19:36:48_2021_09_18.tif"
"487","lst_19:41:43_2021_08_05.tif"
"488","lst_19:47:02_2020_07_19.tif"
"489","lst_19:51:56_2018_09_23.tif"
"490","lst_19:53:17_2020_04_07.tif"
"491","lst_19:54:09_2020_04_07.tif"
"492","lst_20:01:23_2021_05_18.tif"
"493","lst_20:01:42_2020_08_06.tif"
"494","lst_20:02:34_2020_08_06.tif"
"495","lst_20:06:01_2019_07_22.tif"
"496","lst_20:06:53_2019_07_22.tif"
"497","lst_20:07:07_2019_09_20.tif"
"498","lst_20:07:59_2019_09_20.tif"
"499","lst_20:08:13_2021_07_19.tif"
"500","lst_20:13:11_2020_05_20.tif"
"501","lst_20:19:22_2021_04_04.tif"
"502","lst_20:19:49_2019_06_08.tif"
"503","lst_20:20:40_2019_06_08.tif"
"504","lst_20:22:52_2021_09_17.tif"
"505","lst_20:22:54_2021_06_05.tif"
"506","lst_20:23:02_2020_09_18.tif"
"507","lst_20:25:12_2018_08_10.tif"
"508","lst_20:26:04_2018_08_10.tif"
"509","lst_20:34:45_2020_07_18.tif"
"510","lst_20:35:37_2020_07_18.tif"
"511","lst_20:38:28_2022_04_02.tif"
"512","lst_20:43:04_2019_08_06.tif"
"513","lst_20:43:56_2019_08_06.tif"
"514","lst_20:44:16_2018_07_22.tif"
"515","lst_20:45:08_2018_07_22.tif"
"516","lst_20:48:36_2021_05_17.tif"
"517","lst_20:50:30_2018_09_20.tif"
"518","lst_20:51:22_2018_09_20.tif"
"519","lst_20:53:05_2021_07_16.tif"
"520","lst_20:56:06_2019_09_17.tif"
"521","lst_20:57:25_2019_07_19.tif"
"522","lst_20:58:17_2019_07_19.tif"
"523","lst_20:59:27_2020_05_17.tif"
"524","lst_21:00:19_2020_05_17.tif"
"525","lst_21:06:25_2021_04_03.tif"
"526","lst_21:06:25_2021_09_14.tif"
"527","lst_21:07:15_2021_09_14.tif"
"528","lst_21:07:17_2021_04_03.tif"
"529","lst_21:08:10_2021_06_02.tif"
"530","lst_21:08:19_2020_09_15.tif"
"531","lst_21:11:44_2019_06_05.tif"
"532","lst_21:14:07_2021_08_01.tif"
"533","lst_21:14:59_2021_08_01.tif"
"534","lst_21:21:57_2020_07_15.tif"
"535","lst_21:24:30_2018_08_07.tif"
"536","lst_21:24:49_2020_04_03.tif"
"537","lst_21:25:22_2018_08_07.tif"
"538","lst_21:25:40_2020_04_03.tif"
"539","lst_21:34:21_2021_05_14.tif"
"540","lst_21:34:34_2019_08_03.tif"
"541","lst_21:40:26_2021_07_15.tif"
"542","lst_21:42:58_2018_09_19.tif"
"543","lst_21:44:10_2019_09_16.tif"
"544","lst_21:45:02_2019_09_16.tif"
"545","lst_21:46:35_2019_07_18.tif"
"546","lst_21:47:27_2019_07_18.tif"
"547","lst_21:47:36_2020_05_16.tif"
"548","lst_21:52:01_2021_03_31.tif"
"549","lst_21:53:24_2021_09_13.tif"
"550","lst_21:54:16_2021_09_13.tif"
"551","lst_21:55:23_2021_06_01.tif"
"552","lst_21:55:48_2020_09_14.tif"
"553","lst_21:56:15_2021_06_01.tif"
"554","lst_22:00:29_2020_06_01.tif"
"555","lst_22:01:00_2019_06_04.tif"
"556","lst_22:01:15_2021_07_31.tif"
"557","lst_22:01:52_2019_06_04.tif"
"558","lst_22:02:06_2021_07_31.tif"
"559","lst_22:09:42_2020_07_14.tif"
"560","lst_22:10:34_2020_07_14.tif"
"561","lst_22:18:40_2021_09_29.tif"
"562","lst_22:19:32_2021_09_29.tif"
"563","lst_22:21:34_2021_05_13.tif"
"564","lst_22:22:26_2021_05_13.tif"
"565","lst_22:23:35_2019_08_02.tif"
"566","lst_22:23:58_2018_08_04.tif"
"567","lst_22:24:27_2019_08_02.tif"
"568","lst_22:24:50_2018_08_04.tif"
"569","lst_22:33:23_2019_09_13.tif"
"570","lst_22:33:42_2020_05_13.tif"
"571","lst_22:34:15_2019_09_13.tif"
"572","lst_22:34:34_2020_05_13.tif"
"573","lst_22:37:13_2021_09_10.tif"
"574","lst_22:37:46_2019_07_15.tif"
"575","lst_22:38:05_2021_09_10.tif"
"576","lst_22:38:38_2019_07_15.tif"
"577","lst_22:41:17_2020_09_11.tif"
"578","lst_22:41:54_2018_09_16.tif"
"579","lst_22:42:46_2018_09_16.tif"
"580","lst_22:46:24_2021_07_28.tif"
"581","lst_22:47:16_2021_07_28.tif"
"582","lst_22:52:27_2019_06_01.tif"
"583","lst_22:53:19_2019_06_01.tif"
"584","lst_22:56:53_2020_07_11.tif"
"585","lst_22:57:45_2020_07_11.tif"
"586","lst_23:01:20_2020_09_27.tif"
"587","lst_23:04:05_2021_09_26.tif"
"588","lst_23:07:16_2021_05_10.tif"
"589","lst_23:09:38_2020_07_29.tif"
"590","lst_23:12:29_2021_07_11.tif"
"591","lst_23:13:21_2021_07_11.tif"
"592","lst_23:21:46_2019_09_12.tif"
"593","lst_23:21:58_2020_05_12.tif"
"594","lst_23:22:38_2019_09_12.tif"
"595","lst_23:23:29_2019_09_28.tif"
"596","lst_23:24:02_2021_09_09.tif"
"597","lst_23:24:54_2021_09_09.tif"
"598","lst_23:28:07_2021_05_28.tif"
"599","lst_23:28:59_2021_05_28.tif"
"600","lst_23:29:21_2019_07_12.tif"
"601","lst_23:30:13_2019_07_12.tif"
"602","lst_23:33:49_2021_07_27.tif"
"603","lst_23:34:08_2020_05_28.tif"
"604","lst_23:34:41_2021_07_27.tif"
"605","lst_23:35:00_2020_05_28.tif"
"606","lst_23:36:14_2018_07_15.tif"
"607","lst_23:41:22_2018_09_13.tif"
"608","lst_23:42:14_2018_09_13.tif"
"609","lst_23:44:25_2019_05_29.tif"
"610","lst_23:44:56_2020_07_10.tif"
"611","lst_23:45:17_2019_05_29.tif"
"612","lst_23:48:29_2020_09_26.tif"
"613","lst_23:51:11_2021_09_25.tif"
"614","lst_23:52:03_2021_09_25.tif"
"615","lst_23:54:29_2021_05_09.tif"
"616","lst_23:55:21_2021_05_09.tif"
